{
  "@context": "https://doi.org/10.5063/schema/codemeta-2.0",
  "@type": "SoftwareSourceCode",
  "identifier": "ggstatsplot",
  "description": "Extension of 'ggplot2', 'ggstatsplot' creates graphics with details from statistical tests included in the plots themselves. It provides an easier syntax to generate information-rich plots for statistical analysis of continuous (violin plots, scatterplots, histograms, dot plots, dot-and-whisker plots) or categorical (pie and bar charts) data. Currently, it supports the most common types of statistical approaches and tests: parametric, nonparametric, robust, and Bayesian versions of t-test/ANOVA, correlation analyses, contingency table analysis, meta-analysis, and regression analyses. References: Patil (2021) <doi:10.21105/joss.03236>.",
  "name": "ggstatsplot: 'ggplot2' Based Plots with Statistical Details",
  "relatedLink": "https://indrajeetpatil.github.io/ggstatsplot/",
  "codeRepository": "https://github.com/IndrajeetPatil/ggstatsplot",
  "issueTracker": "https://github.com/IndrajeetPatil/ggstatsplot/issues",
  "license": "https://spdx.org/licenses/MIT",
  "version": "0.13.2",
  "programmingLanguage": {
    "@type": "ComputerLanguage",
    "name": "R",
    "url": "https://r-project.org"
  },
  "runtimePlatform": "R version 4.5.0 (2025-04-11)",
  "provider": {
    "@id": "https://cran.r-project.org",
    "@type": "Organization",
    "name": "Comprehensive R Archive Network (CRAN)",
    "url": "https://cran.r-project.org"
  },
  "author": [
    {
      "@type": "Person",
      "givenName": "Indrajeet",
      "familyName": "Patil",
      "email": "patilindrajeet.science@gmail.com",
      "@id": "https://orcid.org/0000-0003-1995-6531"
    }
  ],
  "contributor": [
    {
      "@type": "Person",
      "givenName": "Chuck",
      "familyName": "Powell",
      "email": "ibecav@gmail.com",
      "@id": "https://orcid.org/0000-0002-3606-2188"
    }
  ],
  "copyrightHolder": [
    {
      "@type": "Person",
      "givenName": "Indrajeet",
      "familyName": "Patil",
      "email": "patilindrajeet.science@gmail.com",
      "@id": "https://orcid.org/0000-0003-1995-6531"
    }
  ],
  "maintainer": [
    {
      "@type": "Person",
      "givenName": "Indrajeet",
      "familyName": "Patil",
      "email": "patilindrajeet.science@gmail.com",
      "@id": "https://orcid.org/0000-0003-1995-6531"
    }
  ],
  "softwareSuggestions": [
    {
      "@type": "SoftwareApplication",
      "identifier": "afex",
      "name": "afex",
      "provider": {
        "@id": "https://cran.r-project.org",
        "@type": "Organization",
        "name": "Comprehensive R Archive Network (CRAN)",
        "url": "https://cran.r-project.org"
      },
      "sameAs": "https://CRAN.R-project.org/package=afex"
    },
    {
      "@type": "SoftwareApplication",
      "identifier": "bayestestR",
      "name": "bayestestR",
      "provider": {
        "@id": "https://cran.r-project.org",
        "@type": "Organization",
        "name": "Comprehensive R Archive Network (CRAN)",
        "url": "https://cran.r-project.org"
      },
      "sameAs": "https://CRAN.R-project.org/package=bayestestR"
    },
    {
      "@type": "SoftwareApplication",
      "identifier": "BayesFactor",
      "name": "BayesFactor",
      "version": ">= 0.9.12-4.7",
      "provider": {
        "@id": "https://cran.r-project.org",
        "@type": "Organization",
        "name": "Comprehensive R Archive Network (CRAN)",
        "url": "https://cran.r-project.org"
      },
      "sameAs": "https://CRAN.R-project.org/package=BayesFactor"
    },
    {
      "@type": "SoftwareApplication",
      "identifier": "gapminder",
      "name": "gapminder",
      "provider": {
        "@id": "https://cran.r-project.org",
        "@type": "Organization",
        "name": "Comprehensive R Archive Network (CRAN)",
        "url": "https://cran.r-project.org"
      },
      "sameAs": "https://CRAN.R-project.org/package=gapminder"
    },
    {
      "@type": "SoftwareApplication",
      "identifier": "knitr",
      "name": "knitr",
      "provider": {
        "@id": "https://cran.r-project.org",
        "@type": "Organization",
        "name": "Comprehensive R Archive Network (CRAN)",
        "url": "https://cran.r-project.org"
      },
      "sameAs": "https://CRAN.R-project.org/package=knitr"
    },
    {
      "@type": "SoftwareApplication",
      "identifier": "lme4",
      "name": "lme4",
      "version": ">= 1.1-37",
      "provider": {
        "@id": "https://cran.r-project.org",
        "@type": "Organization",
        "name": "Comprehensive R Archive Network (CRAN)",
        "url": "https://cran.r-project.org"
      },
      "sameAs": "https://CRAN.R-project.org/package=lme4"
    },
    {
      "@type": "SoftwareApplication",
      "identifier": "MASS",
      "name": "MASS",
      "provider": {
        "@id": "https://cran.r-project.org",
        "@type": "Organization",
        "name": "Comprehensive R Archive Network (CRAN)",
        "url": "https://cran.r-project.org"
      },
      "sameAs": "https://CRAN.R-project.org/package=MASS"
    },
    {
      "@type": "SoftwareApplication",
      "identifier": "metaBMA",
      "name": "metaBMA",
      "provider": {
        "@id": "https://cran.r-project.org",
        "@type": "Organization",
        "name": "Comprehensive R Archive Network (CRAN)",
        "url": "https://cran.r-project.org"
      },
      "sameAs": "https://CRAN.R-project.org/package=metaBMA"
    },
    {
      "@type": "SoftwareApplication",
      "identifier": "metafor",
      "name": "metafor",
      "provider": {
        "@id": "https://cran.r-project.org",
        "@type": "Organization",
        "name": "Comprehensive R Archive Network (CRAN)",
        "url": "https://cran.r-project.org"
      },
      "sameAs": "https://CRAN.R-project.org/package=metafor"
    },
    {
      "@type": "SoftwareApplication",
      "identifier": "metaplus",
      "name": "metaplus",
      "provider": {
        "@id": "https://cran.r-project.org",
        "@type": "Organization",
        "name": "Comprehensive R Archive Network (CRAN)",
        "url": "https://cran.r-project.org"
      },
      "sameAs": "https://CRAN.R-project.org/package=metaplus"
    },
    {
      "@type": "SoftwareApplication",
      "identifier": "psych",
      "name": "psych",
      "provider": {
        "@id": "https://cran.r-project.org",
        "@type": "Organization",
        "name": "Comprehensive R Archive Network (CRAN)",
        "url": "https://cran.r-project.org"
      },
      "sameAs": "https://CRAN.R-project.org/package=psych"
    },
    {
      "@type": "SoftwareApplication",
      "identifier": "rmarkdown",
      "name": "rmarkdown",
      "provider": {
        "@id": "https://cran.r-project.org",
        "@type": "Organization",
        "name": "Comprehensive R Archive Network (CRAN)",
        "url": "https://cran.r-project.org"
      },
      "sameAs": "https://CRAN.R-project.org/package=rmarkdown"
    },
    {
      "@type": "SoftwareApplication",
      "identifier": "rstantools",
      "name": "rstantools",
      "provider": {
        "@id": "https://cran.r-project.org",
        "@type": "Organization",
        "name": "Comprehensive R Archive Network (CRAN)",
        "url": "https://cran.r-project.org"
      },
      "sameAs": "https://CRAN.R-project.org/package=rstantools"
    },
    {
      "@type": "SoftwareApplication",
      "identifier": "stats",
      "name": "stats"
    },
    {
      "@type": "SoftwareApplication",
      "identifier": "survival",
      "name": "survival",
      "provider": {
        "@id": "https://cran.r-project.org",
        "@type": "Organization",
        "name": "Comprehensive R Archive Network (CRAN)",
        "url": "https://cran.r-project.org"
      },
      "sameAs": "https://CRAN.R-project.org/package=survival"
    },
    {
      "@type": "SoftwareApplication",
      "identifier": "testthat",
      "name": "testthat",
      "version": ">= 3.2.3",
      "provider": {
        "@id": "https://cran.r-project.org",
        "@type": "Organization",
        "name": "Comprehensive R Archive Network (CRAN)",
        "url": "https://cran.r-project.org"
      },
      "sameAs": "https://CRAN.R-project.org/package=testthat"
    },
    {
      "@type": "SoftwareApplication",
      "identifier": "tibble",
      "name": "tibble",
      "provider": {
        "@id": "https://cran.r-project.org",
        "@type": "Organization",
        "name": "Comprehensive R Archive Network (CRAN)",
        "url": "https://cran.r-project.org"
      },
      "sameAs": "https://CRAN.R-project.org/package=tibble"
    },
    {
      "@type": "SoftwareApplication",
      "identifier": "vdiffr",
      "name": "vdiffr",
      "version": ">= 1.0.8",
      "provider": {
        "@id": "https://cran.r-project.org",
        "@type": "Organization",
        "name": "Comprehensive R Archive Network (CRAN)",
        "url": "https://cran.r-project.org"
      },
      "sameAs": "https://CRAN.R-project.org/package=vdiffr"
    },
    {
      "@type": "SoftwareApplication",
      "identifier": "withr",
      "name": "withr",
      "provider": {
        "@id": "https://cran.r-project.org",
        "@type": "Organization",
        "name": "Comprehensive R Archive Network (CRAN)",
        "url": "https://cran.r-project.org"
      },
      "sameAs": "https://CRAN.R-project.org/package=withr"
    },
    {
      "@type": "SoftwareApplication",
      "identifier": "WRS2",
      "name": "WRS2",
      "provider": {
        "@id": "https://cran.r-project.org",
        "@type": "Organization",
        "name": "Comprehensive R Archive Network (CRAN)",
        "url": "https://cran.r-project.org"
      },
      "sameAs": "https://CRAN.R-project.org/package=WRS2"
    }
  ],
  "softwareRequirements": {
    "1": {
      "@type": "SoftwareApplication",
      "identifier": "R",
      "name": "R",
      "version": ">= 4.3.0"
    },
    "2": {
      "@type": "SoftwareApplication",
      "identifier": "correlation",
      "name": "correlation",
      "version": ">= 0.8.8",
      "provider": {
        "@id": "https://cran.r-project.org",
        "@type": "Organization",
        "name": "Comprehensive R Archive Network (CRAN)",
        "url": "https://cran.r-project.org"
      },
      "sameAs": "https://CRAN.R-project.org/package=correlation"
    },
    "3": {
      "@type": "SoftwareApplication",
      "identifier": "datawizard",
      "name": "datawizard",
      "version": ">= 1.2.0",
      "provider": {
        "@id": "https://cran.r-project.org",
        "@type": "Organization",
        "name": "Comprehensive R Archive Network (CRAN)",
        "url": "https://cran.r-project.org"
      },
      "sameAs": "https://CRAN.R-project.org/package=datawizard"
    },
    "4": {
      "@type": "SoftwareApplication",
      "identifier": "dplyr",
      "name": "dplyr",
      "version": ">= 1.1.4",
      "provider": {
        "@id": "https://cran.r-project.org",
        "@type": "Organization",
        "name": "Comprehensive R Archive Network (CRAN)",
        "url": "https://cran.r-project.org"
      },
      "sameAs": "https://CRAN.R-project.org/package=dplyr"
    },
    "5": {
      "@type": "SoftwareApplication",
      "identifier": "ggcorrplot",
      "name": "ggcorrplot",
      "version": ">= 0.1.4.1",
      "provider": {
        "@id": "https://cran.r-project.org",
        "@type": "Organization",
        "name": "Comprehensive R Archive Network (CRAN)",
        "url": "https://cran.r-project.org"
      },
      "sameAs": "https://CRAN.R-project.org/package=ggcorrplot"
    },
    "6": {
      "@type": "SoftwareApplication",
      "identifier": "ggplot2",
      "name": "ggplot2",
      "version": ">= 4.0.0",
      "provider": {
        "@id": "https://cran.r-project.org",
        "@type": "Organization",
        "name": "Comprehensive R Archive Network (CRAN)",
        "url": "https://cran.r-project.org"
      },
      "sameAs": "https://CRAN.R-project.org/package=ggplot2"
    },
    "7": {
      "@type": "SoftwareApplication",
      "identifier": "ggrepel",
      "name": "ggrepel",
      "version": ">= 0.9.6",
      "provider": {
        "@id": "https://cran.r-project.org",
        "@type": "Organization",
        "name": "Comprehensive R Archive Network (CRAN)",
        "url": "https://cran.r-project.org"
      },
      "sameAs": "https://CRAN.R-project.org/package=ggrepel"
    },
    "8": {
      "@type": "SoftwareApplication",
      "identifier": "ggside",
      "name": "ggside",
      "version": ">= 0.3.2",
      "provider": {
        "@id": "https://cran.r-project.org",
        "@type": "Organization",
        "name": "Comprehensive R Archive Network (CRAN)",
        "url": "https://cran.r-project.org"
      },
      "sameAs": "https://CRAN.R-project.org/package=ggside"
    },
    "9": {
      "@type": "SoftwareApplication",
      "identifier": "ggsignif",
      "name": "ggsignif",
      "version": ">= 0.6.4",
      "provider": {
        "@id": "https://cran.r-project.org",
        "@type": "Organization",
        "name": "Comprehensive R Archive Network (CRAN)",
        "url": "https://cran.r-project.org"
      },
      "sameAs": "https://CRAN.R-project.org/package=ggsignif"
    },
    "10": {
      "@type": "SoftwareApplication",
      "identifier": "glue",
      "name": "glue",
      "version": ">= 1.8.0",
      "provider": {
        "@id": "https://cran.r-project.org",
        "@type": "Organization",
        "name": "Comprehensive R Archive Network (CRAN)",
        "url": "https://cran.r-project.org"
      },
      "sameAs": "https://CRAN.R-project.org/package=glue"
    },
    "11": {
      "@type": "SoftwareApplication",
      "identifier": "insight",
      "name": "insight",
      "version": ">= 1.4.2",
      "provider": {
        "@id": "https://cran.r-project.org",
        "@type": "Organization",
        "name": "Comprehensive R Archive Network (CRAN)",
        "url": "https://cran.r-project.org"
      },
      "sameAs": "https://CRAN.R-project.org/package=insight"
    },
    "12": {
      "@type": "SoftwareApplication",
      "identifier": "magrittr",
      "name": "magrittr",
      "version": ">= 2.0.3",
      "provider": {
        "@id": "https://cran.r-project.org",
        "@type": "Organization",
        "name": "Comprehensive R Archive Network (CRAN)",
        "url": "https://cran.r-project.org"
      },
      "sameAs": "https://CRAN.R-project.org/package=magrittr"
    },
    "13": {
      "@type": "SoftwareApplication",
      "identifier": "paletteer",
      "name": "paletteer",
      "version": ">= 1.6.0",
      "provider": {
        "@id": "https://cran.r-project.org",
        "@type": "Organization",
        "name": "Comprehensive R Archive Network (CRAN)",
        "url": "https://cran.r-project.org"
      },
      "sameAs": "https://CRAN.R-project.org/package=paletteer"
    },
    "14": {
      "@type": "SoftwareApplication",
      "identifier": "parameters",
      "name": "parameters",
      "version": ">= 0.28.2",
      "provider": {
        "@id": "https://cran.r-project.org",
        "@type": "Organization",
        "name": "Comprehensive R Archive Network (CRAN)",
        "url": "https://cran.r-project.org"
      },
      "sameAs": "https://CRAN.R-project.org/package=parameters"
    },
    "15": {
      "@type": "SoftwareApplication",
      "identifier": "patchwork",
      "name": "patchwork",
      "version": ">= 1.3.2",
      "provider": {
        "@id": "https://cran.r-project.org",
        "@type": "Organization",
        "name": "Comprehensive R Archive Network (CRAN)",
        "url": "https://cran.r-project.org"
      },
      "sameAs": "https://CRAN.R-project.org/package=patchwork"
    },
    "16": {
      "@type": "SoftwareApplication",
      "identifier": "performance",
      "name": "performance",
      "version": ">= 0.15.1",
      "provider": {
        "@id": "https://cran.r-project.org",
        "@type": "Organization",
        "name": "Comprehensive R Archive Network (CRAN)",
        "url": "https://cran.r-project.org"
      },
      "sameAs": "https://CRAN.R-project.org/package=performance"
    },
    "17": {
      "@type": "SoftwareApplication",
      "identifier": "purrr",
      "name": "purrr",
      "version": ">= 1.1.0",
      "provider": {
        "@id": "https://cran.r-project.org",
        "@type": "Organization",
        "name": "Comprehensive R Archive Network (CRAN)",
        "url": "https://cran.r-project.org"
      },
      "sameAs": "https://CRAN.R-project.org/package=purrr"
    },
    "18": {
      "@type": "SoftwareApplication",
      "identifier": "rlang",
      "name": "rlang",
      "version": ">= 1.1.6",
      "provider": {
        "@id": "https://cran.r-project.org",
        "@type": "Organization",
        "name": "Comprehensive R Archive Network (CRAN)",
        "url": "https://cran.r-project.org"
      },
      "sameAs": "https://CRAN.R-project.org/package=rlang"
    },
    "19": {
      "@type": "SoftwareApplication",
      "identifier": "statsExpressions",
      "name": "statsExpressions",
      "version": ">= 1.7.1",
      "provider": {
        "@id": "https://cran.r-project.org",
        "@type": "Organization",
        "name": "Comprehensive R Archive Network (CRAN)",
        "url": "https://cran.r-project.org"
      },
      "sameAs": "https://CRAN.R-project.org/package=statsExpressions"
    },
    "20": {
      "@type": "SoftwareApplication",
      "identifier": "tidyr",
      "name": "tidyr",
      "version": ">= 1.3.1",
      "provider": {
        "@id": "https://cran.r-project.org",
        "@type": "Organization",
        "name": "Comprehensive R Archive Network (CRAN)",
        "url": "https://cran.r-project.org"
      },
      "sameAs": "https://CRAN.R-project.org/package=tidyr"
    },
    "21": {
      "@type": "SoftwareApplication",
      "identifier": "utils",
      "name": "utils"
    },
    "SystemRequirements": null
  },
  "fileSize": "9307.847KB",
  "citation": [
    {
      "@type": "ScholarlyArticle",
      "datePublished": "2021",
      "author": [
        {
          "@type": "Person",
          "givenName": "Indrajeet",
          "familyName": "Patil"
        }
      ],
      "name": "{Visualizations with statistical details: The {'ggstatsplot'} approach}",
      "identifier": "10.21105/joss.03167",
      "url": "https://doi.org/10.21105/joss.03167",
      "pagination": "3167",
      "@id": "https://doi.org/10.21105/joss.03167",
      "sameAs": "https://doi.org/10.21105/joss.03167",
      "isPartOf": {
        "@type": "PublicationIssue",
        "issueNumber": "61",
        "datePublished": "2021",
        "isPartOf": {
          "@type": ["PublicationVolume", "Periodical"],
          "volumeNumber": "6",
          "name": "{Journal of Open Source Software}"
        }
      }
    }
  ],
  "releaseNotes": "https://github.com/IndrajeetPatil/ggstatsplot/blob/main/NEWS.md",
  "readme": "https://github.com/IndrajeetPatil/ggstatsplot/blob/main/README.md",
  "contIntegration": "https://app.codecov.io/gh/IndrajeetPatil/ggstatsplot",
  "developmentStatus": "https://lifecycle.r-lib.org/articles/stages.html",
  "keywords": ["ggplot-extension", "dataviz", "r", "statistical-analysis", "datascience", "bayes-factors", "regression-models", "effect-size", "non-parametric-statistics", "hypothesis-testing"]
}
