{
  "interaction_curated.csv": {
    "date": "20190527"
  },
  "protein_curated.csv": {
    "date": "20190829"
  },
  "excluded_interaction.csv": {
    "date": "20180330"
  },
  "uniprot.tab": {
    "date": "20190527"
  },
  "complex_curated.csv": {
    "date": "20190527"
  },
  "hla_curated.csv": {
    "date": "20190604"
  },
  "iuphar interaction_raw.csv.xz": {
    "date": "20190606"
  },
  "MBInfo_interaction_raw.csv.xz": {
    "date": "20190618"
  },
  "IntAct_interaction_raw.csv.xz": {
    "date": "20190617"
  },
  "IMEx_interaction_raw.csv.xz": {
    "date": "20190617"
  },
  "UniProt_interaction_raw.csv.xz": {
    "date": "20190618"
  },
  "InnateDB_interaction_raw.csv.xz": {
    "date": "20190618"
  },
  "InnateDB-All_interaction_raw.csv.xz": {
    "date": "20190614"
  },
  "bhf-ucl_interaction_raw.csv.xz": {
    "date": "20190617"
  },
  "MINT_interaction_raw.csv.xz": {
    "date": "20190618"
  },
  "MatrixDB_interaction_raw.csv.xz": {
    "date": "20190617"
  },
  "I2D_interaction_raw.csv.xz": {
    "date": "20190618"
  },

  "database_version": "v2.0.0"
}